CAPRUX — NOBODY SOUND   ·   Baris biru = contoh (boleh dihapus)   ·   Isi mulai baris 4;;;;;;;;
id;nickname;kategori;jangkauan;foto;ig;tiktok;whatsapp;deskripsi
NS_001;ilham_boil;Otomotif;Bandung Raya, Baleendah;ilham_boil.jpg;@kangbudi.kontraktor;;+62812345678;Buat yang motornya pengen aneh silahkan langsung DM ilham_boil
NS_02;mas_bay;Kuliner;Bandung Kota;mas_bay.jpg;@chefrini;@chefrini.masak;;Manusia dengan channel makanan terbanyak di daerah baleendah dan sekitarnya, langsung aja DM.
NS_03;andri_jakel;Travel;Baleendah, Dayeuhkolot;andri_jakel.jpg;@dimasmodif;;+62834567890;Jika anda membutuhkan travel terpercaya dan tidak mengecewakan langsung hubungi andri jakel.
;;;;;;;;
;;;;;;;;
;;;;;;;;
;;;;;;;;
;;;;;;;;
;;;;;;;;
;;;;;;;;
;;;;;;;;
;;;;;;;;
;;;;;;;;
;;;;;;;;
;;;;;;;;
;;;;;;;;
;;;;;;;;
;;;;;;;;
;;;;;;;;
;;;;;;;;
;;;;;;;;
;;;;;;;;
;;;;;;;;
;;;;;;;;
;;;;;;;;
;;;;;;;;
;;;;;;;;
;;;;;;;;
